[
 {
 "lat" : 40.055826,
 "lon" : 116.307917,
 "angle" : 6.117434,
 "distance" : 46.967028,
 "speed" : 30
 },
 {
 "lat" : 40.055916,
 "lon" : 116.308455,
 "angle" : 5.786077,
 "distance" : 9.979694,
 "speed" : 30
 },
 {
 "lat" : 40.055967,
 "lon" : 116.308549,
 "angle" : 5.201241,
 "distance" : 5.835704,
 "speed" : 30
 },
 {
 "lat" : 40.056014,
 "lon" : 116.308574,
 "angle" : 4.506431,
 "distance" : 48.134843,
 "speed" : 30
 },
 {
 "lat" : 40.056440,
 "lon" : 116.308485,
 "angle" : 4.372401,
 "distance" : 42.951875,
 "speed" : 30
 },
 {
 "lat" : 40.056816,
 "lon" : 116.308352,
 "angle" : 4.224323,
 "distance" : 142.295277,
 "speed" : 30
 },
 {
 "lat" : 40.057997,
 "lon" : 116.307725,
 "angle" : 3.804796,
 "distance" : 3.248637,
 "speed" : 30
 },
 {
 "lat" : 40.058022,
 "lon" : 116.307693,
 "angle" : 3.209449,
 "distance" : 9.211220,
 "speed" : 30
 },
 {
 "lat" : 40.058029,
 "lon" : 116.307590,
 "angle" : 9.183299,
 "distance" : 41.856742,
 "speed" : 30
 },
 {
 "lat" : 40.057913,
 "lon" : 116.307119,
 "angle" : 9.077392,
 "distance" : 16.782169,
 "speed" : 30
 },
 {
 "lat" : 40.057850,
 "lon" : 116.306945,
 "angle" : 8.162912,
 "distance" : 10.225136,
 "speed" : 30
 },
 {
 "lat" : 40.057756,
 "lon" : 116.306915,
 "angle" : 7.415500,
 "distance" : 62.785816,
 "speed" : 30
 },
 {
 "lat" : 40.057225,
 "lon" : 116.307164,
 "angle" : 7.517184,
 "distance" : 125.295639,
 "speed" : 30
 },
 {
 "lat" : 40.056134,
 "lon" : 116.307546,
 "angle" : 7.514689,
 "distance" : 29.374202,
 "speed" : 30
 },
 {
 "lat" : 40.055879,
 "lon" : 116.307636,
 "angle" : 6.998523,
 "distance" : 8.140966,
 "speed" : 30
 },
 {
 "lat" : 40.055826,
 "lon" : 116.307697,
 "angle" : 6.283185,
 "distance" : 18.359136,
 "speed" : 30
 }
 ]